{
  "version": "V2",
  "requestId": "string",
  "timestamp": 1613984821070,
  "images": [{
    "bizLicense": {
      "meta": {
        "estimatedLanguage": "ko"
      },
      "result": {
        "birth": [{
          "text": "1951 년 12 03 일",
          "boundingPolys": [{
            "vertices": [{
              "x": 396.0,
              "y": 254.0
            },
              {
                "x": 421.0,
                "y": 254.0
              },
              {
                "x": 421.0,
                "y": 265.0
              },
              {
                "x": 396.0,
                "y": 265.0
              }
            ]
          }]
        }],
        "bisAddress": [{
          "text": "경상남도 사천시 사천용 보공로 54",
          "boundingPolys": [{
            "vertices": [{
              "x": 193.0,
              "y": 288.0
            },
              {
                "x": 235.0,
                "y": 288.0
              },
              {
                "x": 235.0,
                "y": 300.0
              },
              {
                "x": 193.0,
                "y": 300.0
              }
            ]
          }]
        }],
        "bisArea": [],
        "bisItem": [{
          "text": "비주거용 건물 임대업(점포, 자기자)",
          "boundingPolys": [{
            "vertices": [{
              "x": 368.0,
              "y": 325.0
            },
              {
                "x": 399.0,
                "y": 325.0
              },
              {
                "x": 399.0,
                "y": 334.0
              },
              {
                "x": 368.0,
                "y": 334.0
              }
            ]
          }]
        }],
        "registerNumber": [{
          "text": "611-01-99810",
          "boundingPolys": [{
            "vertices": [{
              "x": 290.0,
              "y": 210.0
            },
              {
                "x": 386.0,
                "y": 211.0
              },
              {
                "x": 386.0,
                "y": 227.0
              },
              {
                "x": 290.0,
                "y": 225.0
              }
            ]
          }]
        }],
        "bisType": [{
          "text": "부동산업 및 임대업",
          "boundingPolys": [{
            "vertices": [{
              "x": 221.0,
              "y": 322.0
            },
              {
                "x": 262.0,
                "y": 322.0
              },
              {
                "x": 262.0,
                "y": 333.0
              },
              {
                "x": 221.0,
                "y": 333.0
              }
            ]
          }]
        }],
        "companyName": [{
          "text": "동성자동차종합정비",
          "boundingPolys": [{
            "vertices": [{
              "x": 194.0,
              "y": 232.0
            },
              {
                "x": 293.0,
                "y": 233.0
              },
              {
                "x": 293.0,
                "y": 247.0
              },
              {
                "x": 194.0,
                "y": 245.0
              }
            ]
          }]
        }],
        "coRepName": [],
        "corpName": [],
        "corpRegisterNum": [],
        "coRepSocialNum": [],
        "documentType": [{
          "text": "사업자등록증",
          "formatted": {
            "value": "사업자등록증"
          },
          "boundingPolys": [{
            "vertices": [{
              "x": 199.0,
              "y": 157.0
            },
              {
                "x": 396.0,
                "y": 160.0
              },
              {
                "x": 396.0,
                "y": 189.0
              },
              {
                "x": 198.0,
                "y": 186.0
              }
            ]
          }]
        }],
        "headAddress": [],
        "issuanceDate": [{
          "text": "2017 년 06 월 29일",
          "boundingPolys": [{
            "vertices": [{
              "x": 225.0,
              "y": 623.0
            },
              {
                "x": 259.0,
                "y": 623.0
              },
              {
                "x": 259.0,
                "y": 637.0
              },
              {
                "x": 225.0,
                "y": 637.0
              }
            ]
          }]
        }],
        "issuanceReason": [{
          "text": "2017 년 06 월 29일",
          "boundingPolys": [{
            "vertices": [{
              "x": 225.0,
              "y": 623.0
            },
              {
                "x": 259.0,
                "y": 623.0
              },
              {
                "x": 259.0,
                "y": 637.0
              },
              {
                "x": 225.0,
                "y": 637.0
              }
            ]
          }]
        }],
        "openDate": [{
          "text": "2014 년 06 월 09 일",
          "boundingPolys": [{
            "vertices": [{
              "x": 193.0,
              "y": 271.0
            },
              {
                "x": 218.0,
                "y": 271.0
              },
              {
                "x": 218.0,
                "y": 280.0
              },
              {
                "x": 193.0,
                "y": 280.0
              }
            ]
          }]
        }],
        "repName": [{
          "text": "김영두",
          "boundingPolys": [{
            "vertices": [{
              "x": 193.0,
              "y": 251.0
            },
              {
                "x": 228.0,
                "y": 251.0
              },
              {
                "x": 228.0,
                "y": 264.0
              },
              {
                "x": 193.0,
                "y": 264.0
              }
            ]
          }]
        }],
        "socialNumber": [],
        "taxType": [{
          "text": "일반과세자",
          "boundingPolys": [{
            "vertices": [{
              "x": 238.0,
              "y": 185.0
            },
              {
                "x": 357.0,
                "y": 187.0
              },
              {
                "x": 357.0,
                "y": 209.0
              },
              {
                "x": 238.0,
                "y": 207.0
              }
            ]
          }]
        }]
      }
    },
    "uid": "ecf05843a1f444b6943e9d202475c3eb",
    "name": "testV2Demo",
    "inferResult": "SUCCESS",
    "message": "SUCCESS",
    "validationResult": {
      "result": "NO_REQUESTED"
    }
  }]
}